#CRAVAT Report																																																																	
#Created at Thursday 08/29/2024 16:59:42																																																																	
#Report level: variant																																																																	
#																																																																	
Variant Annotation																		ClinVar						Extra VCF INFO Annotations																					Original Input				VCF Info								gnomAD								
UID	Chrom	Position	Ref Base	Alt Base	Variant Note	Coding	Gene	Transcript	Sequence Ontology	Exon Number	cDNA change	Protein Change	All Mappings	End Position	Sample Count	Samples	Tags	Clinical Significance	Disease Ref Nums	Disease Names	Review Status	ClinVar ID	Significance Detail	VCF Position	VCF Ref Allele	VCF Alt Allele	SVTYPE	SVLEN	AC	AN	NS	AC_Hom	AC_Het	AC_Hemi	TruScore	PctSeqSimilarity	PctSizeSimilarity	PctRecOverlap	StartDistance	EndDistance	SizeDiff	GTMatch	MatchId	Multi	Chrom	Pos	Reference allele	Alternate allele	Phred	VCF filter	Zygosity	Alternate reads	Total reads	Variant AF	Haplotype block ID	Haplotype strand ID	Global AF	African AF	American AF	Ashkenazi Jewish AF	East Asian AF	Finnish AF	Non-Fin Eur AF	Other AF	South Asian AF
1	chr1	10746	-	GCGCGCCGCGCCGGCGCAGGCGCAGAGACGCGCGCCGCGCCGGCGCAGGCGCAGAGACGCGCGCCGCGCCGGCGCAGGCGCAGAGACGCGCGCCGCGCCGGCGCAGGCGCAGAGACGCGCGCCGCGCCGGCGCAGGCGCAGAGAC										10890	1	HG02055		pathogenic	1234	Disease X		1234		10745	G	GGCGCGCCGCGCCGGCGCAGGCGCAGAGACGCGCGCCGCGCCGGCGCAGGCGCAGAGACGCGCGCCGCGCCGGCGCAGGCGCAGAGACGCGCGCCGCGCCGGCGCAGGCGCAGAGACGCGCGCCGCGCCGGCGCAGGCGCAGAGAC	INS	145	1	30	28	0	0	1	72	0.9795	1	0.1862	-118	-118	0		1.6		chr1	10746	-	GCGCGCCGCGCCGGCGCAGGCGCAGAGACGCGCGCCGCGCCGGCGCAGGCGCAGAGACGCGCGCCGCGCCGGCGCAGGCGCAGAGACGCGCGCCGCGCCGGCGCAGGCGCAGAGACGCGCGCCGCGCCGGCGCAGGCGCAGAGAC	60	PASS	het	0	1	0											
2	chr1	10689	CGCGCCGCGCCGGCGCAGGCGCAGAGAGGCGCGCCGCGCCGGCGCAGGCGCAGAGAGGCGCGCCGCGCCGGCGCAGGCGCAGAGAGGCGCGCCGCGCCGGCGCAGGCGCAGACACATGCTAGCGCGTCGGGGTGGAGGCGTGGCGCAGGCGCAGAGAGGCGCGCCGCGCCGGCGCAGGCGCAGAGACACATGCTACCGCGTCCAGGGGTGGAGGCGTGGCGCAGGCGCAGAGA	-										10921	1	HG01175								10688	GCGCGCCGCGCCGGCGCAGGCGCAGAGAGGCGCGCCGCGCCGGCGCAGGCGCAGAGAGGCGCGCCGCGCCGGCGCAGGCGCAGAGAGGCGCGCCGCGCCGGCGCAGGCGCAGACACATGCTAGCGCGTCGGGGTGGAGGCGTGGCGCAGGCGCAGAGAGGCGCGCCGCGCCGGCGCAGGCGCAGAGACACATGCTACCGCGTCCAGGGGTGGAGGCGTGGCGCAGGCGCAGAGA	G	DEL	233	1	30	28	0	0	1	98	0.9957	0.9915	0.9746	4	6	2		1		chr1	10689	CGCGCCGCGCCGGCGCAGGCGCAGAGAGGCGCGCCGCGCCGGCGCAGGCGCAGAGAGGCGCGCCGCGCCGGCGCAGGCGCAGAGAGGCGCGCCGCGCCGGCGCAGGCGCAGACACATGCTAGCGCGTCGGGGTGGAGGCGTGGCGCAGGCGCAGAGAGGCGCGCCGCGCCGGCGCAGGCGCAGAGACACATGCTACCGCGTCCAGGGGTGGAGGCGTGGCGCAGGCGCAGAGA	-	60	PASS	het	0	1	0											
3	chr1	10787	-	GGCGCAGGCGCAGAGAGGCGCGCCGCGCCGGCGCAGGCGCAGAGAGGCGCGCCGCGCCGGCGCAGGCGCAGAGAGGCGCGCCGCGCCGGCGCAGGCGCAGAGACGCGCGCCGCGCCGGCGCAGGCGCAGAGAGGCGCGCCGCGCCGGCGCAGGCGCAGAGACGCGCGCCGCGCCGGCGCAGGCGCAGAGACGCGCGCCGCGCCGGCGCAGGCGCAGAGACGCGCGCCGCGCT										11018	1	NA18906								10786	C	CGGCGCAGGCGCAGAGAGGCGCGCCGCGCCGGCGCAGGCGCAGAGAGGCGCGCCGCGCCGGCGCAGGCGCAGAGAGGCGCGCCGCGCCGGCGCAGGCGCAGAGACGCGCGCCGCGCCGGCGCAGGCGCAGAGAGGCGCGCCGCGCCGGCGCAGGCGCAGAGACGCGCGCCGCGCCGGCGCAGGCGCAGAGACGCGCGCCGCGCCGGCGCAGGCGCAGAGACGCGCGCCGCGCT	INS	232	1	30	28	0	1	0	99	0.9957	1	1	0	0	0		1.2		chr1	10787	-	GGCGCAGGCGCAGAGAGGCGCGCCGCGCCGGCGCAGGCGCAGAGAGGCGCGCCGCGCCGGCGCAGGCGCAGAGAGGCGCGCCGCGCCGGCGCAGGCGCAGAGACGCGCGCCGCGCCGGCGCAGGCGCAGAGAGGCGCGCCGCGCCGGCGCAGGCGCAGAGACGCGCGCCGCGCCGGCGCAGGCGCAGAGACGCGCGCCGCGCCGGCGCAGGCGCAGAGACGCGCGCCGCGCT	60	PASS	het	1	2	0.5											
4	chr1	10626	-	AGGCGCAGAGAGGCGCGCCGCGCCGGCGCAGGCGCAGAGAGGCGCGCCGCGCCGGCGCAGGCGCAGAGAGGCGCGCCGCGCCGGCGCAGGCGCAGAGAGGCGCGCCGCGCCGGCGCAGGCGCAGAGAGGCGCGCCGCGCCGGCGCAGGCGCAGAGAGGCGCGCCGCGCCGGCGCAGGCGCAGAGAGGCGCGCCGCGCCGGCGCAGGCGCAGAGAGGCGCGCCGCGCCGGCGCAGGCGCAG										10865	1	HG03540		likely pathogenic	5678	Disease Y		5678		10625	C	CAGGCGCAGAGAGGCGCGCCGCGCCGGCGCAGGCGCAGAGAGGCGCGCCGCGCCGGCGCAGGCGCAGAGAGGCGCGCCGCGCCGGCGCAGGCGCAGAGAGGCGCGCCGCGCCGGCGCAGGCGCAGAGAGGCGCGCCGCGCCGGCGCAGGCGCAGAGAGGCGCGCCGCGCCGGCGCAGGCGCAGAGAGGCGCGCCGCGCCGGCGCAGGCGCAGAGAGGCGCGCCGCGCCGGCGCAGGCGCAG	INS	240	1	30	28	0	0	1	75	0.9747	0.9667	0.3154	161	161	-8		1.2		chr1	10626	-	AGGCGCAGAGAGGCGCGCCGCGCCGGCGCAGGCGCAGAGAGGCGCGCCGCGCCGGCGCAGGCGCAGAGAGGCGCGCCGCGCCGGCGCAGGCGCAGAGAGGCGCGCCGCGCCGGCGCAGGCGCAGAGAGGCGCGCCGCGCCGGCGCAGGCGCAGAGAGGCGCGCCGCGCCGGCGCAGGCGCAGAGAGGCGCGCCGCGCCGGCGCAGGCGCAGAGAGGCGCGCCGCGCCGGCGCAGGCGCAG	60	PASS	het	1	1	1											
5	chr1	10831	-	AGGCGCGCCGCGCCGGCGCAGGCGCAGAGAGGCGCGCCGCGCCGGCGCAGGCGCAGAGAGGCGCGCCGCGCCGGCGCAGGCGCAGAGAGGCGCGCCGCGCCGGCGCAGGCGCAGAGAGGCGCGCCGCGCCGGCGCAGGCGCAGAGAGGCGCGCCGCGCCGGCGCAGGCGCAGAGAGGCGCGCCGCGCCGGCGCAGGCGCAGAGACAC										11037	1	HG00171								10830	G	GAGGCGCGCCGCGCCGGCGCAGGCGCAGAGAGGCGCGCCGCGCCGGCGCAGGCGCAGAGAGGCGCGCCGCGCCGGCGCAGGCGCAGAGAGGCGCGCCGCGCCGGCGCAGGCGCAGAGAGGCGCGCCGCGCCGGCGCAGGCGCAGAGAGGCGCGCCGCGCCGGCGCAGGCGCAGAGAGGCGCGCCGCGCCGGCGCAGGCGCAGAGACAC	INS	207	1	30	28	0	0	1	91	0.9757	0.9807	0.7778	-44	-44	-4		1.1		chr1	10831	-	AGGCGCGCCGCGCCGGCGCAGGCGCAGAGAGGCGCGCCGCGCCGGCGCAGGCGCAGAGAGGCGCGCCGCGCCGGCGCAGGCGCAGAGAGGCGCGCCGCGCCGGCGCAGGCGCAGAGAGGCGCGCCGCGCCGGCGCAGGCGCAGAGAGGCGCGCCGCGCCGGCGCAGGCGCAGAGAGGCGCGCCGCGCCGGCGCAGGCGCAGAGACAC	60	PASS	het	0	1	0											
6	chr1	20819	-	CCCTGGACTCATGAACGAATCCATGCCAGGCACCAGTCTCAGCCACAGTCACATCCCTTTAAACTGGATCCACACAGTAAGAGGACTCTGAACTCCCCTGCAGACTGCGAAGTCAGCCTCATTCACTGCTAAGTCTCTAGCACCTGGGATGGGGCCTGATGTGTAACAGCCGCTGGCTGAACAGAAAGTGACAGATGAGCAAACATCTCAAGAAGGGTAATGAGGATGGTGATGAGCGAGAAACTCCCGACATGTGAAGATAACTGAAGGATGTTCTGGCTAAAGATCAGAAGACTTTGAGAATATGATCATTCCCTTCGAATATCAAAATATCCAAAGGGCTGTCAGGTGGAGAAGTGAGTAAACTTGTATCAGGAATAGCGGGCAGAGTTGCAAGGAAACAGATCTCTGTTCTGTTAAAAAAAAAAATTCCATAAACTGCATCACTTTGCAGAGCAATTAGGTTCCAGCTCACAAGCGCCTTCCGGGGGTGCCCCAAGGGTGAATCCTGCCTAAGGTGGAGGTAGAAGACATGACCCTGGGACTCTTTCCTTAGCCAAGAGCCCATGAGACTAAGGAACATCGTGCTTCTTGACAAAGCCCCCGGACAGTCTATTCTCTTACGGTCACAGGCTATGGTGCCGAGGACAAGTGCAGACTCAGGATCAGAAAGCTTGCAGCGTATCTGCTATCTCCATGGACTAGCAGGATGGTCTGGAAGGCTGTGTCGGGAAGGCCCTTAGGCCTCACTGGGGCCAGGCCGTTGATGAACAATGTCCACCCTGAGGGTGGGGGAATGGTGCCATTTGTTTGTCATTCCTGGTCCAGACGCCCTTGGCTTGGTGGCCTACTTCAAGGTAGGTCAGTTTACAAGCTCAGTGCTGAAGCCATACCCTATGGCACACTCACCCAGCACTAGAGAGGAAGCTGCCTCTGTGGACATCAGGGACGGAAGTGGCTCACCCAGCCTGTTCTGCGCGTGGTCTCACTAAGGGTCCATCTTCCTCTATCTGCCCCGGAGAGGACCATCTCCAAGCATCCCTTGCTTTCCTTCTCCCCCCTCCACCCCTCACTGTTCAATAACCAGAGTGCATCCCATTTGTAGAGCACATGCTGGGGCCGTGGGAGTCAAAGACGAATCAGACGACACACATCCACATTCAAAGGGACTCAGGGCTCCTGGGGAAGTAAGAAATGAATATCAATAACCACAACATCCCACAGGCCTGGGTTTCACATCTGTTTAGCAGCAGTGTGACCCTGGGGAGGTCACTAACTGGTCTTTGCCTCAGCTTCTTCCACTGAAAAACAGGAATGGTCCCTTCTCCATCATGGGATTACTGTGAAGGTGAGAAGGAGCTGATCATGGCCCATCAACATCAGCACACCAGTCCCCCTAGAGGCTGCTGGGGAGGAAGAAGCAGGGAGCACCCACTCCTGACCCAGATTCACATTCACTGCTTCTCCTCCCCTGCCTCTGTCATGACCCCAGGGAAGCAGACGCTGAACCTGGGCTCTTGCCTTCACCTTTATCTTCTCCACTCTGGGATAATTAAGAATGACTTGCTAATTATGCAGTGATCTAGTGCAATGTGTAACCTTCGGGGCCACCAGGTGCCAATCGGTAGAGAGAACAGGGGAGAAGGAAGGATGGAGGAAGCGAGGACAAGGGGAAAGGGGAAAGGAGGAAGGGGAGAAGAAAGGAAGAGGTGGGGAAAAGGACAAAGAGATGGAGGAAAGGACCAAGAGCTTCGCAGAGAAAATCACCCTTCCCAGGGGGAAGGTGCTGGGCAGTGGCACTGCCTCTTGGGGGAAGAGGTTGGGCAGGGGCTGACGGGCAATGGCAGATGACAGCATCCAAACTTCCACACACAGAGTCTGTTCCTTCCTCTTCCCCATGCCATCCCAACTCCCTTCTGCCTTGTCATCTACGTCATGGGAAGCAGGTGACATATCTGGCAAGTTATTTTGGGGGCCTGGCTTCTCCCAGGTGAAGAGGGAGCAGCAGCTGGAGGGGCAGAAAGA										22843	2	HG02622;NA18906								20818	G	GCCCTGGACTCATGAACGAATCCATGCCAGGCACCAGTCTCAGCCACAGTCACATCCCTTTAAACTGGATCCACACAGTAAGAGGACTCTGAACTCCCCTGCAGACTGCGAAGTCAGCCTCATTCACTGCTAAGTCTCTAGCACCTGGGATGGGGCCTGATGTGTAACAGCCGCTGGCTGAACAGAAAGTGACAGATGAGCAAACATCTCAAGAAGGGTAATGAGGATGGTGATGAGCGAGAAACTCCCGACATGTGAAGATAACTGAAGGATGTTCTGGCTAAAGATCAGAAGACTTTGAGAATATGATCATTCCCTTCGAATATCAAAATATCCAAAGGGCTGTCAGGTGGAGAAGTGAGTAAACTTGTATCAGGAATAGCGGGCAGAGTTGCAAGGAAACAGATCTCTGTTCTGTTAAAAAAAAAAATTCCATAAACTGCATCACTTTGCAGAGCAATTAGGTTCCAGCTCACAAGCGCCTTCCGGGGGTGCCCCAAGGGTGAATCCTGCCTAAGGTGGAGGTAGAAGACATGACCCTGGGACTCTTTCCTTAGCCAAGAGCCCATGAGACTAAGGAACATCGTGCTTCTTGACAAAGCCCCCGGACAGTCTATTCTCTTACGGTCACAGGCTATGGTGCCGAGGACAAGTGCAGACTCAGGATCAGAAAGCTTGCAGCGTATCTGCTATCTCCATGGACTAGCAGGATGGTCTGGAAGGCTGTGTCGGGAAGGCCCTTAGGCCTCACTGGGGCCAGGCCGTTGATGAACAATGTCCACCCTGAGGGTGGGGGAATGGTGCCATTTGTTTGTCATTCCTGGTCCAGACGCCCTTGGCTTGGTGGCCTACTTCAAGGTAGGTCAGTTTACAAGCTCAGTGCTGAAGCCATACCCTATGGCACACTCACCCAGCACTAGAGAGGAAGCTGCCTCTGTGGACATCAGGGACGGAAGTGGCTCACCCAGCCTGTTCTGCGCGTGGTCTCACTAAGGGTCCATCTTCCTCTATCTGCCCCGGAGAGGACCATCTCCAAGCATCCCTTGCTTTCCTTCTCCCCCCTCCACCCCTCACTGTTCAATAACCAGAGTGCATCCCATTTGTAGAGCACATGCTGGGGCCGTGGGAGTCAAAGACGAATCAGACGACACACATCCACATTCAAAGGGACTCAGGGCTCCTGGGGAAGTAAGAAATGAATATCAATAACCACAACATCCCACAGGCCTGGGTTTCACATCTGTTTAGCAGCAGTGTGACCCTGGGGAGGTCACTAACTGGTCTTTGCCTCAGCTTCTTCCACTGAAAAACAGGAATGGTCCCTTCTCCATCATGGGATTACTGTGAAGGTGAGAAGGAGCTGATCATGGCCCATCAACATCAGCACACCAGTCCCCCTAGAGGCTGCTGGGGAGGAAGAAGCAGGGAGCACCCACTCCTGACCCAGATTCACATTCACTGCTTCTCCTCCCCTGCCTCTGTCATGACCCCAGGGAAGCAGACGCTGAACCTGGGCTCTTGCCTTCACCTTTATCTTCTCCACTCTGGGATAATTAAGAATGACTTGCTAATTATGCAGTGATCTAGTGCAATGTGTAACCTTCGGGGCCACCAGGTGCCAATCGGTAGAGAGAACAGGGGAGAAGGAAGGATGGAGGAAGCGAGGACAAGGGGAAAGGGGAAAGGAGGAAGGGGAGAAGAAAGGAAGAGGTGGGGAAAAGGACAAAGAGATGGAGGAAAGGACCAAGAGCTTCGCAGAGAAAATCACCCTTCCCAGGGGGAAGGTGCTGGGCAGTGGCACTGCCTCTTGGGGGAAGAGGTTGGGCAGGGGCTGACGGGCAATGGCAGATGACAGCATCCAAACTTCCACACACAGAGTCTGTTCCTTCCTCTTCCCCATGCCATCCCAACTCCCTTCTGCCTTGTCATCTACGTCATGGGAAGCAGGTGACATATCTGGCAAGTTATTTTGGGGGCCTGGCTTCTCCCAGGTGAAGAGGGAGCAGCAGCTGGAGGGGCAGAAAGA	INS	2025	2	33	30	0	1	1	99	0.9998	1	1	0	0	0		4		chr1	20819	-	CCCTGGACTCATGAACGAATCCATGCCAGGCACCAGTCTCAGCCACAGTCACATCCCTTTAAACTGGATCCACACAGTAAGAGGACTCTGAACTCCCCTGCAGACTGCGAAGTCAGCCTCATTCACTGCTAAGTCTCTAGCACCTGGGATGGGGCCTGATGTGTAACAGCCGCTGGCTGAACAGAAAGTGACAGATGAGCAAACATCTCAAGAAGGGTAATGAGGATGGTGATGAGCGAGAAACTCCCGACATGTGAAGATAACTGAAGGATGTTCTGGCTAAAGATCAGAAGACTTTGAGAATATGATCATTCCCTTCGAATATCAAAATATCCAAAGGGCTGTCAGGTGGAGAAGTGAGTAAACTTGTATCAGGAATAGCGGGCAGAGTTGCAAGGAAACAGATCTCTGTTCTGTTAAAAAAAAAAATTCCATAAACTGCATCACTTTGCAGAGCAATTAGGTTCCAGCTCACAAGCGCCTTCCGGGGGTGCCCCAAGGGTGAATCCTGCCTAAGGTGGAGGTAGAAGACATGACCCTGGGACTCTTTCCTTAGCCAAGAGCCCATGAGACTAAGGAACATCGTGCTTCTTGACAAAGCCCCCGGACAGTCTATTCTCTTACGGTCACAGGCTATGGTGCCGAGGACAAGTGCAGACTCAGGATCAGAAAGCTTGCAGCGTATCTGCTATCTCCATGGACTAGCAGGATGGTCTGGAAGGCTGTGTCGGGAAGGCCCTTAGGCCTCACTGGGGCCAGGCCGTTGATGAACAATGTCCACCCTGAGGGTGGGGGAATGGTGCCATTTGTTTGTCATTCCTGGTCCAGACGCCCTTGGCTTGGTGGCCTACTTCAAGGTAGGTCAGTTTACAAGCTCAGTGCTGAAGCCATACCCTATGGCACACTCACCCAGCACTAGAGAGGAAGCTGCCTCTGTGGACATCAGGGACGGAAGTGGCTCACCCAGCCTGTTCTGCGCGTGGTCTCACTAAGGGTCCATCTTCCTCTATCTGCCCCGGAGAGGACCATCTCCAAGCATCCCTTGCTTTCCTTCTCCCCCCTCCACCCCTCACTGTTCAATAACCAGAGTGCATCCCATTTGTAGAGCACATGCTGGGGCCGTGGGAGTCAAAGACGAATCAGACGACACACATCCACATTCAAAGGGACTCAGGGCTCCTGGGGAAGTAAGAAATGAATATCAATAACCACAACATCCCACAGGCCTGGGTTTCACATCTGTTTAGCAGCAGTGTGACCCTGGGGAGGTCACTAACTGGTCTTTGCCTCAGCTTCTTCCACTGAAAAACAGGAATGGTCCCTTCTCCATCATGGGATTACTGTGAAGGTGAGAAGGAGCTGATCATGGCCCATCAACATCAGCACACCAGTCCCCCTAGAGGCTGCTGGGGAGGAAGAAGCAGGGAGCACCCACTCCTGACCCAGATTCACATTCACTGCTTCTCCTCCCCTGCCTCTGTCATGACCCCAGGGAAGCAGACGCTGAACCTGGGCTCTTGCCTTCACCTTTATCTTCTCCACTCTGGGATAATTAAGAATGACTTGCTAATTATGCAGTGATCTAGTGCAATGTGTAACCTTCGGGGCCACCAGGTGCCAATCGGTAGAGAGAACAGGGGAGAAGGAAGGATGGAGGAAGCGAGGACAAGGGGAAAGGGGAAAGGAGGAAGGGGAGAAGAAAGGAAGAGGTGGGGAAAAGGACAAAGAGATGGAGGAAAGGACCAAGAGCTTCGCAGAGAAAATCACCCTTCCCAGGGGGAAGGTGCTGGGCAGTGGCACTGCCTCTTGGGGGAAGAGGTTGGGCAGGGGCTGACGGGCAATGGCAGATGACAGCATCCAAACTTCCACACACAGAGTCTGTTCCTTCCTCTTCCCCATGCCATCCCAACTCCCTTCTGCCTTGTCATCTACGTCATGGGAAGCAGGTGACATATCTGGCAAGTTATTTTGGGGGCCTGGCTTCTCCCAGGTGAAGAGGGAGCAGCAGCTGGAGGGGCAGAAAGA	60;60	PASS;PASS	het;het	0;1	1;2	0.0;0.5											
7	chr1	20819	-	CCCTGGACTCATGAAGGAATCCATGCCAGGAACCAGTCTCAGCCACAGTCACATCCCTTTAAACTGGATCCACACAGTAAGAGGACTCTGAACTCCCCTGCAGACTGCGAAGTCTGCCTCATTCACTGCTATGTCTCTAGCACCTGGGATGGGGCCTGATGTGTAACAGCTGCTGGCTGAACAGAAAGTGACAGATGAGCAAACATCTCAAGGAGGGTGATGAGGATGGTGATGAGTGAGAAACTCCCGACATGTGAAGATAACTGAAGGATGTTCTGGCTAAAGATCCGAAGACTCTAAGAATATGATCATTCCCTTTGAATATCAAAATATCAAAAGGGCTGTCAGGTGGAGAAGTGAGTAAACTTGTATCAGGAATAGCGGGCAGAGTTGCAAGGAAACAGATCTCTGTTCTGTTAAAAAAAAAAAAAATTCCATAAACAACTGCATCACTTTGCATAGCAATTAGGTTCCAGCTCACAAGCGCCTTCCGGGGGTGCCCCAAGGGTGAATCCTGCCTAAGGTGGAGGTAGAAGACATGACCCTGGGGCTCTTTCCTTAGCCAAGAGCCCATGAGACTAAGGAACATCGTGCTTGTTGACAAAGACCCCGGACAGTCTATTCTCTTACGGTCACAGGCTATGGTGCCAAGGACAAGTGCAGACTCAGGATCAGAAAGCTTGCAGCATATCTGCTATCTCCATGGACTAGCAGGATGGTCTGGAAGGCTGTGTCGGGAAGGCCCTTAGGCCTCACTGGGGCCAGGCCGTTGATGAACAATGTCCACCCTGAGGGTCGGGGAATGGTGCCATTTGTTTGTCATTCCTGGTCCAGACGCCCTTGGCTTGGTGGCCTACTTCAAGGTAGGTCAGTTTACAAGCTCAGTGCTGAACCCATACCCTATGGCACGCTCGCCCAGCACTAGAGAGGAAGCTGCCTCTGTGGACATCAGGGACGGAAGTGGCTCACCCAGCCTGTTCTGCGCGTGGTCTCACTAAGGGTCCATCTTCCTCTATCTGCCCCGGAGGGGACCATCTCCAAGCATCCCTTGCTTTCCTTCTCCCCCCTCCACCCCTCACTGTTCAATAACTTGAGTGCATCCCATTTGTAGAGCACATGCTGGGGCCGTGGGAGTGAAAGACGAATCAGACGACACACATCCACATTCAAAGGGACTCAGGGCTCCTGGGGAAGTAAGAAATGAATATCAATAACCACAACATCCCACAGGCCTGGGTTTCACATCTGTTTAGCAGCAGTGTGACCCTGGGGAGGTCACTAACTGGTCTCTGCCTCAGCTTCTTCCACTGAAAAACAGGAATGGTCCCTTCTACATCATGGGATTACTGTGAAGGTGAGAAGGAGCTGATCATGGCCCATCAACCTCAGCACACCAGTCCCCCTAGAGGCTGCTGGGGAGGAAGAAGCAGGGAGCACCCACTCCTGACCCAGATTCACATTCACCGCTTCTCCTCCCCTGCCTCTGTCATGACCCCAGGGAAGCAGACGCTGAACCTGGGCTCTTGCCTTCATCTTTATCTTCTCCACTCTGGGATAATTAAGAATGACTTGCTAATTATGCAGTGATCTAGTGCAATGTGTAACCTTCGGGGCCACCAGGTGCCAATCAGTAGAGAGAACAGGGGAGAAGGAAGGATGGAGGAAGCGAGGACAAGGGGAAAGGGGAAAGGAGGAAGGGGAGAAGAAAGGAAGAGGTGGGGAAAAGGACAAAGAAAGAGATGGAGGAAAGGACCAAGAGCTTCGCAGAGAAAATCACCCTTCCCAGGGGGAAGGTGCTGGGCAGTGGCACTGCCTCTTGGGGGAAGAGGTTGGGCAGGGGCTGACGGGGCAATGGCAGATGACAGCATCCAAACTTCCACACACACGGTCTGTTCCTTCCTCTTCCCCGTGCCATCCCAACTCCCTTCTGCCTTGTCATCTACGTCATGGGAAGCAGGGTGACATATCTGGCAAGTTATTTTGGGGGCCTGGCTTCTCCCAGGTGAAGAGGGGGCAGCTGGAGGGGGCAGAAAGA										22853	1	NA19983								20818	G	GCCCTGGACTCATGAAGGAATCCATGCCAGGAACCAGTCTCAGCCACAGTCACATCCCTTTAAACTGGATCCACACAGTAAGAGGACTCTGAACTCCCCTGCAGACTGCGAAGTCTGCCTCATTCACTGCTATGTCTCTAGCACCTGGGATGGGGCCTGATGTGTAACAGCTGCTGGCTGAACAGAAAGTGACAGATGAGCAAACATCTCAAGGAGGGTGATGAGGATGGTGATGAGTGAGAAACTCCCGACATGTGAAGATAACTGAAGGATGTTCTGGCTAAAGATCCGAAGACTCTAAGAATATGATCATTCCCTTTGAATATCAAAATATCAAAAGGGCTGTCAGGTGGAGAAGTGAGTAAACTTGTATCAGGAATAGCGGGCAGAGTTGCAAGGAAACAGATCTCTGTTCTGTTAAAAAAAAAAAAAATTCCATAAACAACTGCATCACTTTGCATAGCAATTAGGTTCCAGCTCACAAGCGCCTTCCGGGGGTGCCCCAAGGGTGAATCCTGCCTAAGGTGGAGGTAGAAGACATGACCCTGGGGCTCTTTCCTTAGCCAAGAGCCCATGAGACTAAGGAACATCGTGCTTGTTGACAAAGACCCCGGACAGTCTATTCTCTTACGGTCACAGGCTATGGTGCCAAGGACAAGTGCAGACTCAGGATCAGAAAGCTTGCAGCATATCTGCTATCTCCATGGACTAGCAGGATGGTCTGGAAGGCTGTGTCGGGAAGGCCCTTAGGCCTCACTGGGGCCAGGCCGTTGATGAACAATGTCCACCCTGAGGGTCGGGGAATGGTGCCATTTGTTTGTCATTCCTGGTCCAGACGCCCTTGGCTTGGTGGCCTACTTCAAGGTAGGTCAGTTTACAAGCTCAGTGCTGAACCCATACCCTATGGCACGCTCGCCCAGCACTAGAGAGGAAGCTGCCTCTGTGGACATCAGGGACGGAAGTGGCTCACCCAGCCTGTTCTGCGCGTGGTCTCACTAAGGGTCCATCTTCCTCTATCTGCCCCGGAGGGGACCATCTCCAAGCATCCCTTGCTTTCCTTCTCCCCCCTCCACCCCTCACTGTTCAATAACTTGAGTGCATCCCATTTGTAGAGCACATGCTGGGGCCGTGGGAGTGAAAGACGAATCAGACGACACACATCCACATTCAAAGGGACTCAGGGCTCCTGGGGAAGTAAGAAATGAATATCAATAACCACAACATCCCACAGGCCTGGGTTTCACATCTGTTTAGCAGCAGTGTGACCCTGGGGAGGTCACTAACTGGTCTCTGCCTCAGCTTCTTCCACTGAAAAACAGGAATGGTCCCTTCTACATCATGGGATTACTGTGAAGGTGAGAAGGAGCTGATCATGGCCCATCAACCTCAGCACACCAGTCCCCCTAGAGGCTGCTGGGGAGGAAGAAGCAGGGAGCACCCACTCCTGACCCAGATTCACATTCACCGCTTCTCCTCCCCTGCCTCTGTCATGACCCCAGGGAAGCAGACGCTGAACCTGGGCTCTTGCCTTCATCTTTATCTTCTCCACTCTGGGATAATTAAGAATGACTTGCTAATTATGCAGTGATCTAGTGCAATGTGTAACCTTCGGGGCCACCAGGTGCCAATCAGTAGAGAGAACAGGGGAGAAGGAAGGATGGAGGAAGCGAGGACAAGGGGAAAGGGGAAAGGAGGAAGGGGAGAAGAAAGGAAGAGGTGGGGAAAAGGACAAAGAAAGAGATGGAGGAAAGGACCAAGAGCTTCGCAGAGAAAATCACCCTTCCCAGGGGGAAGGTGCTGGGCAGTGGCACTGCCTCTTGGGGGAAGAGGTTGGGCAGGGGCTGACGGGGCAATGGCAGATGACAGCATCCAAACTTCCACACACACGGTCTGTTCCTTCCTCTTCCCCGTGCCATCCCAACTCCCTTCTGCCTTGTCATCTACGTCATGGGAAGCAGGGTGACATATCTGGCAAGTTATTTTGGGGGCCTGGCTTCTCCCAGGTGAAGAGGGGGCAGCTGGAGGGGGCAGAAAGA	INS	2035	1	33	30	0	0	1	99	0.9874	0.9951	0.9951	0	0	-10		4		chr1	20819	-	CCCTGGACTCATGAAGGAATCCATGCCAGGAACCAGTCTCAGCCACAGTCACATCCCTTTAAACTGGATCCACACAGTAAGAGGACTCTGAACTCCCCTGCAGACTGCGAAGTCTGCCTCATTCACTGCTATGTCTCTAGCACCTGGGATGGGGCCTGATGTGTAACAGCTGCTGGCTGAACAGAAAGTGACAGATGAGCAAACATCTCAAGGAGGGTGATGAGGATGGTGATGAGTGAGAAACTCCCGACATGTGAAGATAACTGAAGGATGTTCTGGCTAAAGATCCGAAGACTCTAAGAATATGATCATTCCCTTTGAATATCAAAATATCAAAAGGGCTGTCAGGTGGAGAAGTGAGTAAACTTGTATCAGGAATAGCGGGCAGAGTTGCAAGGAAACAGATCTCTGTTCTGTTAAAAAAAAAAAAAATTCCATAAACAACTGCATCACTTTGCATAGCAATTAGGTTCCAGCTCACAAGCGCCTTCCGGGGGTGCCCCAAGGGTGAATCCTGCCTAAGGTGGAGGTAGAAGACATGACCCTGGGGCTCTTTCCTTAGCCAAGAGCCCATGAGACTAAGGAACATCGTGCTTGTTGACAAAGACCCCGGACAGTCTATTCTCTTACGGTCACAGGCTATGGTGCCAAGGACAAGTGCAGACTCAGGATCAGAAAGCTTGCAGCATATCTGCTATCTCCATGGACTAGCAGGATGGTCTGGAAGGCTGTGTCGGGAAGGCCCTTAGGCCTCACTGGGGCCAGGCCGTTGATGAACAATGTCCACCCTGAGGGTCGGGGAATGGTGCCATTTGTTTGTCATTCCTGGTCCAGACGCCCTTGGCTTGGTGGCCTACTTCAAGGTAGGTCAGTTTACAAGCTCAGTGCTGAACCCATACCCTATGGCACGCTCGCCCAGCACTAGAGAGGAAGCTGCCTCTGTGGACATCAGGGACGGAAGTGGCTCACCCAGCCTGTTCTGCGCGTGGTCTCACTAAGGGTCCATCTTCCTCTATCTGCCCCGGAGGGGACCATCTCCAAGCATCCCTTGCTTTCCTTCTCCCCCCTCCACCCCTCACTGTTCAATAACTTGAGTGCATCCCATTTGTAGAGCACATGCTGGGGCCGTGGGAGTGAAAGACGAATCAGACGACACACATCCACATTCAAAGGGACTCAGGGCTCCTGGGGAAGTAAGAAATGAATATCAATAACCACAACATCCCACAGGCCTGGGTTTCACATCTGTTTAGCAGCAGTGTGACCCTGGGGAGGTCACTAACTGGTCTCTGCCTCAGCTTCTTCCACTGAAAAACAGGAATGGTCCCTTCTACATCATGGGATTACTGTGAAGGTGAGAAGGAGCTGATCATGGCCCATCAACCTCAGCACACCAGTCCCCCTAGAGGCTGCTGGGGAGGAAGAAGCAGGGAGCACCCACTCCTGACCCAGATTCACATTCACCGCTTCTCCTCCCCTGCCTCTGTCATGACCCCAGGGAAGCAGACGCTGAACCTGGGCTCTTGCCTTCATCTTTATCTTCTCCACTCTGGGATAATTAAGAATGACTTGCTAATTATGCAGTGATCTAGTGCAATGTGTAACCTTCGGGGCCACCAGGTGCCAATCAGTAGAGAGAACAGGGGAGAAGGAAGGATGGAGGAAGCGAGGACAAGGGGAAAGGGGAAAGGAGGAAGGGGAGAAGAAAGGAAGAGGTGGGGAAAAGGACAAAGAAAGAGATGGAGGAAAGGACCAAGAGCTTCGCAGAGAAAATCACCCTTCCCAGGGGGAAGGTGCTGGGCAGTGGCACTGCCTCTTGGGGGAAGAGGTTGGGCAGGGGCTGACGGGGCAATGGCAGATGACAGCATCCAAACTTCCACACACACGGTCTGTTCCTTCCTCTTCCCCGTGCCATCCCAACTCCCTTCTGCCTTGTCATCTACGTCATGGGAAGCAGGGTGACATATCTGGCAAGTTATTTTGGGGGCCTGGCTTCTCCCAGGTGAAGAGGGGGCAGCTGGAGGGGGCAGAAAGA	60	PASS	het	1	1	1											
8	chr1	59599	-	AGGATTCTTTCTTTTTTTTTTTTTTTTTTTTTTTTTTGAGACGGAGTCTCGCTCTGTCGCCCAGGCTGGAGTGCAGCGGCGCGATCTCGGCTCACTGCAAGCTCCGCCTCCCGGGTTCACGCCATTCTCCTGCCTCAGCCTCCCGAGTAGCTGGGACTACAGGCGCCCGCCACCACGCCCGGCTAATTTTTTGTATTTTTAGTAGAGACGGGGTTTCACCGTTTTAGCCGGGATGGTCTCGATCTCCTGACTTCGTGATCCTCCCGCCTCGGCCTCCCAAAGTGCTGGGATTACAGGCGTGAGCCACCGCGCCCGGCC										59916	1	HG01123								59598	T	TAGGATTCTTTCTTTTTTTTTTTTTTTTTTTTTTTTTTGAGACGGAGTCTCGCTCTGTCGCCCAGGCTGGAGTGCAGCGGCGCGATCTCGGCTCACTGCAAGCTCCGCCTCCCGGGTTCACGCCATTCTCCTGCCTCAGCCTCCCGAGTAGCTGGGACTACAGGCGCCCGCCACCACGCCCGGCTAATTTTTTGTATTTTTAGTAGAGACGGGGTTTCACCGTTTTAGCCGGGATGGTCTCGATCTCCTGACTTCGTGATCCTCCCGCCTCGGCCTCCCAAAGTGCTGGGATTACAGGCGTGAGCCACCGCGCCCGGCC	INS	318	1	41	36	0	0	1	99	0.9921	0.9906	0.9875	0	0	-3		9		chr1	59599	-	AGGATTCTTTCTTTTTTTTTTTTTTTTTTTTTTTTTTGAGACGGAGTCTCGCTCTGTCGCCCAGGCTGGAGTGCAGCGGCGCGATCTCGGCTCACTGCAAGCTCCGCCTCCCGGGTTCACGCCATTCTCCTGCCTCAGCCTCCCGAGTAGCTGGGACTACAGGCGCCCGCCACCACGCCCGGCTAATTTTTTGTATTTTTAGTAGAGACGGGGTTTCACCGTTTTAGCCGGGATGGTCTCGATCTCCTGACTTCGTGATCCTCCCGCCTCGGCCTCCCAAAGTGCTGGGATTACAGGCGTGAGCCACCGCGCCCGGCC	60	PASS	het	0	1	0											
9	chr1	90082	-	GTCCCTCTGTCTCTGCCAACCAGTTAACCTGCTGCTTCCTGGAGGAAGACAGTCCCTCAGTCCCTCTGTCTCTGCCAACCAGTTAACCTGCTGCTTCCTGGAGGAAGACAGTCCCTCT			AL627309.3	ENST00000495576.1	lnc_RNA				"ENST00000466430.5:AL627309.1::lnc_RNA::; ENST00000495576.1:AL627309.3::intron_variant,lnc_RNA::"	90199	2	HG00512;PGP1		pathogenic	91011	Disease Z		91011		90081	A	AGTCCCTCTGTCTCTGCCAACCAGTTAACCTGCTGCTTCCTGGAGGAAGACAGTCCCTCAGTCCCTCTGTCTCTGCCAACCAGTTAACCTGCTGCTTCCTGGAGGAAGACAGTCCCTCT	INS	118	2	64	48	0	0	2	66	0.9958	1	0	177	177	0		13.2		chr1	90082	-	GTCCCTCTGTCTCTGCCAACCAGTTAACCTGCTGCTTCCTGGAGGAAGACAGTCCCTCAGTCCCTCTGTCTCTGCCAACCAGTTAACCTGCTGCTTCCTGGAGGAAGACAGTCCCTCT	60;60	PASS;PASS	het;het	1;0	1;1	1.0;0.0											
10	chr1	95078	-	TCTGCCTGCCTTGGCCTCCCAAAGTGCTGGGATTACAGGCGTGAGCCACCGTGCCCGACCAAGAGGCTCCTTTTCTTGATGAAAGGAGTAGTGAAGTCACATTGCATG			AL627309.1	ENST00000466430.5	lnc_RNA				"ENST00000466430.5:AL627309.1::intron_variant,lnc_RNA::; ENST00000477740.5:AL627309.1::intron_variant,lnc_RNA::"	95185	1	HG00864								95077	A	ATCTGCCTGCCTTGGCCTCCCAAAGTGCTGGGATTACAGGCGTGAGCCACCGTGCCCGACCAAGAGGCTCCTTTTCTTGATGAAAGGAGTAGTGAAGTCACATTGCATG	INS	108	1	63	47	0	0	1	99	0.9908	1	1	0	0	0		14		chr1	95078	-	TCTGCCTGCCTTGGCCTCCCAAAGTGCTGGGATTACAGGCGTGAGCCACCGTGCCCGACCAAGAGGCTCCTTTTCTTGATGAAAGGAGTAGTGAAGTCACATTGCATG	60	PASS	het	1	1	1											